{
    "profileData": [
        {
            "name": "Zakopane HS105",
            "terrainSteepness": 1.0,
            "type": 2,
            "gates": 35,
            "w": 125.0,
            "hn": 0.574999988079071,
            "gamma": 35.0,
            "alpha": 11.0,
            "e": 98.69999694824219,
            "es": 22.0,
            "t": 6.5,
            "r1": 90.0,
            "betaP": 37.04999923706055,
            "betaK": 34.29999923706055,
            "betaL": 31.399999618530275,
            "s": 3.130000114440918,
            "l1": 16.0,
            "l2": 15.0,
            "rL": 310.0,
            "r2L": 168.0,
            "r2": 99.30000305175781,
            "a": -1,
            "b1": 2.80,
            "b2": 7.00,
            "bK": 19.00,
            "bU": 21.00,
            "d": -1, 
            "q": -1
        },
        {
            "name": "Zakopane HS70",
            "terrainSteepness": 1.0,
            "type": 2,
            "gates": 35,
            "w": 125.0,
            "hn": 0.574999988079071,
            "gamma": 35.0,
            "alpha": 11.0,
            "e": 98.69999694824219,
            "es": 22.0,
            "t": 6.5,
            "r1": 90.0,
            "betaP": 37.04999923706055,
            "betaK": 34.29999923706055,
            "betaL": 31.399999618530275,
            "s": 3.130000114440918,
            "l1": 16.0,
            "l2": 15.0,
            "rL": 310.0,
            "r2L": 168.0,
            "r2": 99.30000305175781,
            "a": -1,
            "b1": 2.80,
            "b2": 6.10,
            "bK": 12.90,
            "bU": 16.50,
            "d": -1, 
            "q": -1
        },
        {
            "name": "Zakopane HS40",
            "terrainSteepness": 1.0,
            "type": 2,
            "gates": 35,
            "w": 125.0,
            "hn": 0.574999988079071,
            "gamma": 35.0,
            "alpha": 11.0,
            "e": 98.69999694824219,
            "es": 22.0,
            "t": 6.5,
            "r1": 90.0,
            "betaP": 37.04999923706055,
            "betaK": 34.29999923706055,
            "betaL": 31.399999618530275,
            "s": 3.130000114440918,
            "l1": 16.0,
            "l2": 15.0,
            "rL": 310.0,
            "r2L": 168.0,
            "r2": 99.30000305175781,
            "a": -1,
            "b1": -1,
            "b2": -1,
            "bK": -1,
            "bU": -1,
            "d": -1, 
            "q": -1
        },
        {
            "name": "Zakopane HS25",
            "terrainSteepness": 1.0,
            "type": 2,
            "gates": 35,
            "w": 125.0,
            "hn": 0.574999988079071,
            "gamma": 35.0,
            "alpha": 11.0,
            "e": 98.69999694824219,
            "es": 22.0,
            "t": 6.5,
            "r1": 90.0,
            "betaP": 37.04999923706055,
            "betaK": 34.29999923706055,
            "betaL": 31.399999618530275,
            "s": 3.130000114440918,
            "l1": 16.0,
            "l2": 15.0,
            "rL": 310.0,
            "r2L": 168.0,
            "r2": 99.30000305175781,
            "a": -1,
            "b1": -1,
            "b2": -1,
            "bK": -1,
            "bU": -1,
            "d": -1, 
            "q": -1
        }
    ]
}